username,email,dtime
nice~william7,williamwilson@list.ru,28/11/2021 04:28
hot_william1,williamwilliams@iCloud.com,28/11/2021 06:28
big~william6,williamwhite@outlook.com,26/11/2021 12:26
angry_william0,williamthompson@bk.ru,30/11/2021 03:30
brave_william3,williamthomas@internet.ru,23/11/2021 10:23
angry-william0,williamtaylor@yandex.ru,16/11/2021 01:16
nice-william0,williamsmith@yahoo.com,22/11/2021 11:22
brave-william3,williamrodriguez@gmail.com,13/11/2021 04:13
nice~william0,williammoore@yandex.ru,27/11/2021 11:27
tasty_william4,williammiller@aol.com,17/11/2021 08:17
brave_william4,williammartinez@inbox.ru,16/11/2021 07:16
thebest_william7,williammartin@iCloud.com,27/11/2021 08:27
rich_william8,williamlee@yandex.ru,23/11/2021 01:23
busy~william2,williamjones@bk.ru,20/11/2021 10:20
kind_william9,williamjohnson@internet.ru,12/11/2021 11:12
hot~william1,williamjackson@bk.ru,24/11/2021 05:24
angry~william7,williamgarcia@inbox.ru,10/11/2021 10:10
poor-william8,williamdavis@internet.ru,25/11/2021 08:25
asleep_william3,williambrown@outlook.com,08/11/2021 02:08
strong~william4,williamanderson@inbox.ru,20/11/2021 08:20
hot~thomas9,thomaswilson@yahoo.com,27/11/2021 05:27
brave~thomas1,thomaswilliams@iCloud.com,16/11/2021 05:16
clever~thomas1,thomaswhite@iCloud.com,16/11/2021 11:16
cute-thomas6,thomasthompson@rambler.ru,14/11/2021 03:14
poor~thomas9,thomasthomas@aol.com,24/11/2021 02:24
kind-thomas7,thomastaylor@internet.ru,14/11/2021 08:14
happy~thomas5,thomassmith@yahoo.com,17/11/2021 05:17
asleep~thomas6,thomasrodriguez@bk.ru,25/11/2021 01:25
lonely~thomas9,thomasmoore@list.ru,29/11/2021 06:29
big_thomas0,thomasmiller@aol.com,25/11/2021 12:25
cool_thomas0,thomasmartinez@outlook.com,25/11/2021 02:25
nice~thomas8,thomasmartin@outlook.com,23/11/2021 07:23
old~thomas2,thomaslee@iCloud.com,25/11/2021 03:25
tired-thomas6,thomasjones@outlook.com,20/11/2021 04:20
rare-thomas0,thomasjohnson@bk.ru,30/11/2021 02:30
dead-thomas5,thomasjackson@yahoo.com,09/11/2021 09:09
strong_thomas0,thomasgarcia@internet.ru,15/11/2021 06:15
fresh_thomas4,thomasdavis@gmail.com,19/11/2021 12:19
fresh_thomas7,thomasbrown@yandex.ru,26/11/2021 11:26
thebest_thomas7,thomasanderson@internet.ru,17/11/2021 09:17
silent_susan4,susanwilson@bk.ru,27/11/2021 02:27
silent_susan1,susanwilliams@yandex.ru,06/11/2021 04:06
poor~susan1,susanwhite@inbox.ru,22/11/2021 02:22
old_susan5,susanthompson@inbox.ru,19/11/2021 12:19
fresh-susan5,susanthomas@mail.ru,23/11/2021 08:23
cute~susan2,susantaylor@aol.com,26/11/2021 02:26
tasty_susan6,susansmith@yahoo.com,27/11/2021 02:27
thebest-susan7,susanrodriguez@inbox.ru,16/11/2021 01:16
brave~susan5,susanmoore@outlook.com,19/11/2021 12:19
old_susan2,susanmiller@outlook.com,24/11/2021 10:24
big~susan5,susanmartinez@yahoo.com,20/11/2021 05:20
clever_susan8,susanmartin@gmail.com,20/11/2021 11:20
nice-susan5,susanlee@internet.ru,28/11/2021 09:28
poor~susan3,susanjones@mail.ru,27/11/2021 07:27
happy-susan8,susanjohnson@mail.ru,27/11/2021 12:27
quiet_susan3,susanjackson@mail.ru,27/11/2021 02:27
thebest~susan4,susangarcia@rambler.ru,20/11/2021 10:20
busy-susan8,susandavis@outlook.com,21/11/2021 02:21
brave_susan4,susanbrown@yahoo.com,29/11/2021 09:29
thebest-susan0,susananderson@aol.com,16/11/2021 06:16
nice-robert2,robertwilson@iCloud.com,18/11/2021 04:18
clever~robert9,robertwilliams@list.ru,25/11/2021 08:25
dead-robert3,robertwhite@outlook.com,23/11/2021 02:23
old~robert7,robertthompson@outlook.com,23/11/2021 05:23
cool_robert1,robertthomas@mail.ru,13/11/2021 09:13
hot_robert9,roberttaylor@inbox.ru,24/11/2021 07:24
strong_robert9,robertsmith@list.ru,19/11/2021 10:19
sad_robert2,robertrodriguez@gmail.com,21/11/2021 08:21
tasty~robert1,robertmoore@mail.ru,18/11/2021 07:18
silent~robert5,robertmiller@outlook.com,16/11/2021 05:16
happy_robert5,robertmartinez@internet.ru,13/11/2021 08:13
rich-robert4,robertmartin@mail.ru,17/11/2021 08:17
kind~robert7,robertlee@outlook.com,28/11/2021 02:28
strong~robert8,robertjones@yahoo.com,20/11/2021 06:20
rare_robert7,robertjohnson@rambler.ru,12/11/2021 04:12
lonely~robert7,robertjackson@mail.ru,10/11/2021 03:10
cute-robert7,robertgarcia@rambler.ru,24/11/2021 08:24
strong~robert5,robertdavis@yandex.ru,19/11/2021 10:19
rare~robert0,robertbrown@internet.ru,14/11/2021 04:14
quiet_robert1,robertanderson@yandex.ru,28/11/2021 09:28
cute-richard3,richardwilson@inbox.ru,18/11/2021 02:18
silent-richard8,richardwilliams@bk.ru,30/11/2021 08:30
quiet~richard2,richardwhite@gmail.com,25/11/2021 07:25
poor~richard0,richardthompson@gmail.com,27/11/2021 12:27
nice-richard9,richardthomas@internet.ru,07/11/2021 01:07
silent~richard7,richardtaylor@gmail.com,26/11/2021 08:26
kind-richard4,richardsmith@yahoo.com,07/11/2021 01:07
brave~richard6,richardrodriguez@yandex.ru,17/11/2021 01:17
rich~richard7,richardmoore@iCloud.com,28/11/2021 06:28
kind_richard4,richardmiller@list.ru,30/11/2021 08:30
hot-richard8,richardmartinez@yahoo.com,20/11/2021 10:20
happy~richard6,richardmartin@outlook.com,28/11/2021 01:28
fresh-richard0,richardlee@mail.ru,29/11/2021 01:29
busy_richard8,richardjones@inbox.ru,30/11/2021 11:30
poor-richard9,richardjohnson@mail.ru,03/11/2021 01:03
big_richard8,richardjackson@bk.ru,10/11/2021 07:10
poor-richard1,richardgarcia@inbox.ru,25/11/2021 04:25
cool~richard1,richarddavis@gmail.com,19/11/2021 04:19
rich~richard9,richardbrown@yahoo.com,29/11/2021 10:29
lonely-richard2,richardanderson@iCloud.com,03/11/2021 10:03
tired_patricia4,patriciawilson@mail.ru,23/11/2021 05:23
angry~patricia1,patriciawilliams@yandex.ru,12/11/2021 06:12
fresh-patricia1,patriciawhite@bk.ru,19/11/2021 10:19
busy~patricia1,patriciathompson@aol.com,14/11/2021 09:14
horny-patricia6,patriciathomas@iCloud.com,22/11/2021 12:22
rare~patricia9,patriciataylor@outlook.com,29/11/2021 04:29
busy_patricia5,patriciasmith@bk.ru,07/11/2021 08:07
lonely~patricia0,patriciarodriguez@bk.ru,27/11/2021 12:27
thebest-patricia3,patriciamoore@gmail.com,10/11/2021 12:10
rare-patricia9,patriciamiller@list.ru,24/11/2021 09:24
silent~patricia2,patriciamartinez@inbox.ru,21/11/2021 09:21
busy~patricia6,patriciamartin@iCloud.com,20/11/2021 02:20
kind-patricia6,patricialee@bk.ru,28/11/2021 08:28
cool_patricia3,patriciajones@yandex.ru,24/11/2021 06:24
brave-patricia2,patriciajohnson@yahoo.com,07/11/2021 03:07
big~patricia7,patriciajackson@gmail.com,24/11/2021 04:24
clever-patricia2,patriciagarcia@gmail.com,23/11/2021 01:23
silent_patricia2,patriciadavis@mail.ru,23/11/2021 04:23
fresh~patricia0,patriciabrown@rambler.ru,23/11/2021 10:23
sad-patricia8,patriciaanderson@yandex.ru,25/11/2021 05:25
asleep~michael1,michaelwilson@yandex.ru,12/11/2021 06:12
hot-michael4,michaelwilliams@inbox.ru,19/11/2021 07:19
fresh-michael4,michaelwhite@rambler.ru,13/11/2021 03:13
hot~michael8,michaelthompson@mail.ru,29/11/2021 11:29
cool~michael4,michaelthomas@mail.ru,27/11/2021 05:27
silent~michael0,michaeltaylor@mail.ru,14/11/2021 09:14
dead~michael9,michaelsmith@gmail.com,10/11/2021 03:10
angry~michael0,michaelrodriguez@list.ru,23/11/2021 03:23
old-michael8,michaelmoore@bk.ru,24/11/2021 11:24
rich-michael4,michaelmiller@aol.com,15/11/2021 05:15
tasty_michael6,michaelmartinez@rambler.ru,23/11/2021 03:23
thebest~michael9,michaelmartin@internet.ru,01/11/2021 12:01
rich-michael8,michaellee@mail.ru,21/11/2021 05:21
hot~michael1,michaeljones@gmail.com,24/11/2021 10:24
busy_michael4,michaeljohnson@inbox.ru,17/11/2021 05:17
cool~michael1,michaeljackson@outlook.com,14/11/2021 09:14
sad_michael6,michaelgarcia@iCloud.com,22/11/2021 11:22
happy_michael3,michaeldavis@aol.com,30/11/2021 09:30
quiet~michael4,michaelbrown@internet.ru,18/11/2021 02:18
happy-michael9,michaelanderson@mail.ru,28/11/2021 09:28
fresh_mary8,marywilson@list.ru,17/11/2021 05:17
tired-mary2,marywilliams@list.ru,15/11/2021 01:15
nice~mary5,marywhite@yandex.ru,26/11/2021 11:26
brave~mary6,marythompson@yandex.ru,25/11/2021 01:25
poor_mary4,marythomas@iCloud.com,16/11/2021 06:16
poor~mary5,marytaylor@iCloud.com,29/11/2021 11:29
happy_mary3,marysmith@aol.com,04/11/2021 01:04
cool~mary9,maryrodriguez@gmail.com,28/11/2021 07:28
lonely_mary0,marymoore@aol.com,18/11/2021 05:18
tasty_mary9,marymiller@inbox.ru,22/11/2021 09:22
brave~mary7,marymartinez@internet.ru,27/11/2021 04:27
fresh_mary2,marymartin@yahoo.com,01/11/2021 05:01
angry~mary8,marylee@yahoo.com,13/11/2021 08:13
quiet~mary0,maryjones@yandex.ru,21/11/2021 10:21
nice~mary9,maryjohnson@iCloud.com,21/11/2021 08:21
kind_mary8,maryjackson@internet.ru,13/11/2021 06:13
poor-mary8,marygarcia@gmail.com,21/11/2021 07:21
asleep~mary3,marydavis@gmail.com,28/11/2021 10:28
clever~mary1,marybrown@yandex.ru,26/11/2021 04:26
rich_mary8,maryanderson@yandex.ru,06/11/2021 04:06
kind_mark2,markwilson@inbox.ru,25/11/2021 12:25
sad~mark1,markwilliams@yandex.ru,29/11/2021 03:29
old_mark6,markwhite@gmail.com,11/11/2021 02:11
nice_mark3,markthompson@iCloud.com,12/11/2021 05:12
kind-mark2,markthomas@rambler.ru,29/11/2021 10:29
cute-mark0,marktaylor@iCloud.com,29/11/2021 06:29
happy-mark7,marksmith@yahoo.com,12/11/2021 07:12
nice_mark1,markrodriguez@iCloud.com,15/11/2021 07:15
thebest-mark1,markmoore@bk.ru,21/11/2021 08:21
horny-mark5,markmiller@gmail.com,20/11/2021 01:20
sad~mark3,markmartinez@list.ru,22/11/2021 11:22
tasty-mark0,markmartin@rambler.ru,16/11/2021 03:16
rich~mark5,marklee@gmail.com,10/11/2021 08:10
happy-mark8,markjones@internet.ru,22/11/2021 07:22
tired_mark5,markjohnson@rambler.ru,23/11/2021 05:23
happy_mark9,markjackson@internet.ru,14/11/2021 02:14
old_mark8,markgarcia@yandex.ru,14/11/2021 08:14
cute_mark5,markdavis@internet.ru,24/11/2021 01:24
tasty_mark8,markbrown@iCloud.com,16/11/2021 10:16
tasty-mark9,markanderson@bk.ru,05/11/2021 11:05
nice_maria9,mariawilson@bk.ru,22/11/2021 12:22
kind_maria1,mariawilliams@rambler.ru,06/11/2021 08:06
dead~maria0,mariawhite@aol.com,17/11/2021 09:17
rare~maria6,mariathompson@aol.com,08/11/2021 01:08
big_maria1,mariathomas@yahoo.com,26/11/2021 08:26
old_maria5,mariataylor@gmail.com,09/11/2021 09:09
brave_maria6,mariasmith@aol.com,30/11/2021 09:30
lonely~maria0,mariarodriguez@outlook.com,18/11/2021 04:18
cool_maria4,mariamoore@aol.com,23/11/2021 01:23
asleep_maria2,mariamiller@iCloud.com,19/11/2021 05:19
nice_maria7,mariamartinez@outlook.com,09/11/2021 10:09
nice_maria4,mariamartin@iCloud.com,10/11/2021 06:10
dead-maria5,marialee@outlook.com,30/11/2021 06:30
fresh~maria1,mariajones@bk.ru,20/11/2021 12:20
nice_maria5,mariajohnson@list.ru,28/11/2021 02:28
happy~maria3,mariajackson@yahoo.com,18/11/2021 07:18
sad_maria4,mariagarcia@bk.ru,30/11/2021 08:30
quiet-maria3,mariadavis@mail.ru,30/11/2021 05:30
brave-maria6,mariabrown@list.ru,24/11/2021 08:24
strong-maria0,mariaanderson@internet.ru,22/11/2021 11:22
rare-linda6,lindawilson@inbox.ru,13/11/2021 10:13
lonely~linda4,lindawilliams@list.ru,28/11/2021 10:28
tired_linda8,lindawhite@yandex.ru,25/11/2021 06:25
nice~linda9,lindathompson@yahoo.com,05/11/2021 10:05
asleep~linda0,lindathomas@aol.com,01/11/2021 05:01
nice-linda7,lindataylor@yahoo.com,24/11/2021 05:24
thebest-linda2,lindasmith@mail.ru,26/11/2021 09:26
strong~linda1,lindarodriguez@bk.ru,23/11/2021 02:23
rare_linda7,lindamoore@internet.ru,30/11/2021 01:30
rich_linda2,lindamiller@mail.ru,29/11/2021 11:29
quiet~linda1,lindamartinez@aol.com,11/11/2021 12:11
tired-linda8,lindamartin@mail.ru,16/11/2021 10:16
rich_linda5,lindalee@bk.ru,30/11/2021 02:30
hot-linda4,lindajones@yahoo.com,18/11/2021 11:18
big~linda7,lindajohnson@gmail.com,10/11/2021 05:10
hot-linda4,lindajackson@list.ru,27/11/2021 01:27
asleep-linda2,lindagarcia@outlook.com,13/11/2021 01:13
rare-linda1,lindadavis@rambler.ru,21/11/2021 01:21
horny_linda4,lindabrown@gmail.com,20/11/2021 04:20
cool_linda6,lindaanderson@list.ru,22/11/2021 01:22
big~joseph8,josephwilson@rambler.ru,09/11/2021 02:09
asleep~joseph6,josephwilliams@outlook.com,25/11/2021 10:25
quiet-joseph0,josephwhite@bk.ru,06/11/2021 12:06
dead_joseph8,josephthompson@gmail.com,15/11/2021 01:15
asleep_joseph9,josephthomas@gmail.com,07/11/2021 11:07
clever-joseph3,josephtaylor@aol.com,27/11/2021 12:27
busy-joseph6,josephsmith@mail.ru,29/11/2021 05:29
hot-joseph3,josephrodriguez@rambler.ru,10/11/2021 07:10
tasty~joseph5,josephmoore@mail.ru,10/11/2021 09:10
angry_joseph7,josephmiller@gmail.com,12/11/2021 03:12
busy~joseph3,josephmartinez@bk.ru,30/11/2021 09:30
kind_joseph7,josephmartin@internet.ru,23/11/2021 07:23
asleep~joseph8,josephlee@list.ru,29/11/2021 04:29
silent~joseph8,josephjones@mail.ru,05/11/2021 11:05
old-joseph5,josephjohnson@rambler.ru,26/11/2021 12:26
fresh~joseph0,josephjackson@outlook.com,22/11/2021 07:22
cool-joseph8,josephgarcia@iCloud.com,07/11/2021 08:07
happy_joseph2,josephdavis@yahoo.com,18/11/2021 11:18
horny-joseph3,josephbrown@list.ru,30/11/2021 04:30
kind-joseph8,josephanderson@mail.ru,14/11/2021 08:14
old_john0,johnwilson@outlook.com,20/11/2021 02:20
nice-john2,johnwilliams@rambler.ru,26/11/2021 04:26
angry_john7,johnwhite@bk.ru,15/11/2021 02:15
fresh_john1,johnthompson@inbox.ru,14/11/2021 03:14
asleep~john0,johnthomas@bk.ru,30/11/2021 08:30
nice-john5,johntaylor@internet.ru,18/11/2021 03:18
hot_john9,johnsmith@inbox.ru,08/11/2021 02:08
tasty_john4,johnrodriguez@bk.ru,27/11/2021 12:27
horny_john7,johnmoore@iCloud.com,27/11/2021 05:27
rare_john8,johnmiller@bk.ru,19/11/2021 04:19
tired_john7,johnmartinez@inbox.ru,30/11/2021 05:30
rare-john3,johnmartin@list.ru,11/11/2021 03:11
tasty~john3,johnlee@inbox.ru,16/11/2021 03:16
kind-john6,johnjones@aol.com,29/11/2021 09:29
kind_john5,johnjohnson@internet.ru,30/11/2021 01:30
rare_john4,johnjackson@gmail.com,27/11/2021 05:27
strong_john6,johngarcia@mail.ru,09/11/2021 02:09
strong-john9,johndavis@list.ru,28/11/2021 02:28
rich_john7,johnbrown@iCloud.com,17/11/2021 01:17
tired_john4,johnanderson@outlook.com,24/11/2021 04:24
cool-jennifer5,jenniferwilson@aol.com,13/11/2021 07:13
big-jennifer5,jenniferwilliams@outlook.com,21/11/2021 03:21
brave_jennifer2,jenniferwhite@yandex.ru,26/11/2021 06:26
poor~jennifer7,jenniferthompson@yahoo.com,20/11/2021 03:20
silent~jennifer0,jenniferthomas@iCloud.com,29/11/2021 11:29
brave_jennifer3,jennifertaylor@yandex.ru,25/11/2021 05:25
busy-jennifer4,jennifersmith@yandex.ru,20/11/2021 05:20
nice-jennifer9,jenniferrodriguez@rambler.ru,20/11/2021 10:20
clever_jennifer3,jennifermoore@iCloud.com,28/11/2021 06:28
old_jennifer5,jennifermiller@yahoo.com,04/11/2021 03:04
fresh~jennifer9,jennifermartinez@outlook.com,17/11/2021 11:17
fresh_jennifer5,jennifermartin@mail.ru,18/11/2021 08:18
lonely~jennifer2,jenniferlee@yandex.ru,26/11/2021 04:26
sad-jennifer4,jenniferjones@yandex.ru,29/11/2021 04:29
horny-jennifer9,jenniferjohnson@yahoo.com,10/11/2021 02:10
nice~jennifer8,jenniferjackson@yahoo.com,13/11/2021 07:13
clever~jennifer4,jennifergarcia@aol.com,10/11/2021 04:10
nice-jennifer8,jenniferdavis@outlook.com,24/11/2021 01:24
quiet_jennifer1,jenniferbrown@iCloud.com,01/11/2021 05:01
fresh-jennifer3,jenniferanderson@yahoo.com,11/11/2021 10:11
horny~james3,jameswilson@yahoo.com,17/11/2021 07:17
thebest-james0,jameswilliams@gmail.com,28/11/2021 11:28
tired_james2,jameswhite@aol.com,09/11/2021 07:09
busy_james3,jamesthompson@internet.ru,17/11/2021 05:17
nice_james8,jamesthomas@gmail.com,18/11/2021 12:18
poor_james6,jamestaylor@rambler.ru,14/11/2021 02:14
cool_james9,jamessmith@aol.com,21/11/2021 12:21
rare~james6,jamesrodriguez@gmail.com,22/11/2021 03:22
horny-james8,jamesmoore@gmail.com,11/11/2021 07:11
busy~james0,jamesmiller@outlook.com,29/11/2021 10:29
kind_james1,jamesmartinez@list.ru,06/11/2021 01:06
busy_james4,jamesmartin@gmail.com,09/11/2021 04:09
rich-james7,jameslee@list.ru,17/11/2021 07:17
angry~james8,jamesjones@yahoo.com,17/11/2021 11:17
nice~james5,jamesjohnson@internet.ru,19/11/2021 02:19
fresh-james4,jamesjackson@yandex.ru,14/11/2021 03:14
tired-james4,jamesgarcia@internet.ru,16/11/2021 12:16
sad-james8,jamesdavis@internet.ru,19/11/2021 03:19
nice_james1,jamesbrown@inbox.ru,07/11/2021 01:07
nice_james0,jamesanderson@list.ru,01/11/2021 06:01
silent_elizabeth5,elizabethwilson@yandex.ru,07/11/2021 04:07
brave~elizabeth6,elizabethwilliams@gmail.com,18/11/2021 11:18
thebest~elizabeth1,elizabethwhite@gmail.com,30/11/2021 05:30
horny~elizabeth4,elizabeththompson@outlook.com,22/11/2021 12:22
sad-elizabeth4,elizabeththomas@aol.com,10/11/2021 11:10
tasty~elizabeth6,elizabethtaylor@internet.ru,03/11/2021 04:03
asleep~elizabeth1,elizabethsmith@mail.ru,22/11/2021 08:22
quiet~elizabeth0,elizabethrodriguez@inbox.ru,28/11/2021 07:28
cute_elizabeth2,elizabethmoore@outlook.com,29/11/2021 11:29
cute_elizabeth7,elizabethmiller@list.ru,21/11/2021 02:21
sad_elizabeth0,elizabethmartinez@rambler.ru,08/11/2021 10:08
rare_elizabeth2,elizabethmartin@gmail.com,21/11/2021 06:21
nice~elizabeth0,elizabethlee@mail.ru,30/11/2021 09:30
tired_elizabeth9,elizabethjones@mail.ru,16/11/2021 11:16
sad-elizabeth8,elizabethjohnson@rambler.ru,24/11/2021 03:24
lonely-elizabeth9,elizabethjackson@rambler.ru,29/11/2021 02:29
lonely_elizabeth7,elizabethgarcia@inbox.ru,26/11/2021 11:26
rich_elizabeth9,elizabethdavis@outlook.com,22/11/2021 01:22
kind~elizabeth4,elizabethbrown@bk.ru,29/11/2021 05:29
poor_elizabeth6,elizabethanderson@outlook.com,29/11/2021 02:29
tired_david8,davidwilson@iCloud.com,28/11/2021 05:28
silent-david7,davidwilliams@list.ru,24/11/2021 02:24
nice_david8,davidwhite@mail.ru,14/11/2021 02:14
sad~david3,davidthompson@yahoo.com,23/11/2021 07:23
hot_david9,davidthomas@mail.ru,30/11/2021 04:30
sad-david3,davidtaylor@outlook.com,20/11/2021 05:20
nice~david7,davidsmith@gmail.com,19/11/2021 08:19
happy~david0,davidrodriguez@yandex.ru,13/11/2021 01:13
tired~david6,davidmoore@list.ru,22/11/2021 01:22
lonely~david5,davidmiller@aol.com,19/11/2021 02:19
lonely~david5,davidmartinez@iCloud.com,14/11/2021 10:14
brave-david6,davidmartin@list.ru,28/11/2021 01:28
sad~david4,davidlee@internet.ru,23/11/2021 07:23
happy~david9,davidjones@list.ru,15/11/2021 04:15
busy~david4,davidjohnson@mail.ru,08/11/2021 06:08
tasty~david0,davidjackson@bk.ru,21/11/2021 02:21
brave-david9,davidgarcia@yahoo.com,12/11/2021 06:12
silent_david0,daviddavis@aol.com,19/11/2021 07:19
silent_david8,davidbrown@mail.ru,22/11/2021 01:22
busy_david2,davidanderson@rambler.ru,26/11/2021 04:26
fresh~daniel1,danielwilson@yandex.ru,08/11/2021 02:08
silent_daniel3,danielwilliams@iCloud.com,11/11/2021 06:11
cute_daniel5,danielwhite@yandex.ru,19/11/2021 07:19
brave-daniel9,danielthompson@aol.com,05/11/2021 06:05
silent~daniel1,danielthomas@inbox.ru,26/11/2021 11:26
poor-daniel0,danieltaylor@bk.ru,30/11/2021 11:30
tasty_daniel0,danielsmith@list.ru,26/11/2021 01:26
cute_daniel7,danielrodriguez@yahoo.com,30/11/2021 12:30
nice-daniel0,danielmoore@bk.ru,25/11/2021 09:25
clever~daniel9,danielmiller@aol.com,06/11/2021 02:06
clever_daniel9,danielmartinez@gmail.com,28/11/2021 09:28
cute-daniel9,danielmartin@inbox.ru,24/11/2021 11:24
horny-daniel6,daniellee@bk.ru,24/11/2021 07:24
kind-daniel4,danieljones@aol.com,12/11/2021 08:12
cute-daniel2,danieljohnson@inbox.ru,25/11/2021 03:25
sad~daniel6,danieljackson@bk.ru,26/11/2021 09:26
busy_daniel7,danielgarcia@mail.ru,14/11/2021 02:14
tired~daniel3,danieldavis@gmail.com,29/11/2021 01:29
kind-daniel7,danielbrown@bk.ru,22/11/2021 01:22
tired_daniel2,danielanderson@internet.ru,30/11/2021 10:30
nice_charles1,charleswilson@inbox.ru,25/11/2021 08:25
nice-charles6,charleswilliams@gmail.com,03/11/2021 12:03
poor_charles3,charleswhite@inbox.ru,28/11/2021 11:28
happy_charles7,charlesthompson@inbox.ru,16/11/2021 05:16
poor-charles7,charlesthomas@yandex.ru,22/11/2021 08:22
hot-charles1,charlestaylor@yahoo.com,09/11/2021 01:09
happy-charles4,charlessmith@mail.ru,28/11/2021 01:28
brave~charles2,charlesrodriguez@outlook.com,27/11/2021 07:27
lonely-charles3,charlesmoore@bk.ru,19/11/2021 02:19
strong~charles5,charlesmiller@gmail.com,25/11/2021 10:25
brave-charles7,charlesmartinez@aol.com,24/11/2021 11:24
kind-charles6,charlesmartin@rambler.ru,26/11/2021 06:26
busy~charles9,charleslee@yahoo.com,29/11/2021 03:29
dead_charles5,charlesjones@gmail.com,15/11/2021 01:15
brave_charles2,charlesjohnson@list.ru,13/11/2021 09:13
thebest~charles3,charlesjackson@gmail.com,15/11/2021 02:15
rich~charles4,charlesgarcia@mail.ru,14/11/2021 10:14
brave~charles3,charlesdavis@gmail.com,27/11/2021 08:27
cute-charles5,charlesbrown@inbox.ru,24/11/2021 05:24
asleep-charles9,charlesanderson@outlook.com,01/11/2021 10:01
cool~barbara1,barbarawilson@yandex.ru,25/11/2021 07:25
brave_barbara1,barbarawilliams@aol.com,27/11/2021 02:27
sad~barbara1,barbarawhite@yandex.ru,03/11/2021 10:03
kind~barbara7,barbarathompson@bk.ru,29/11/2021 09:29
horny~barbara9,barbarathomas@internet.ru,23/11/2021 08:23
sad~barbara5,barbarataylor@yahoo.com,26/11/2021 11:26
sad-barbara3,barbarasmith@gmail.com,26/11/2021 09:26
tired-barbara1,barbararodriguez@internet.ru,01/11/2021 10:01
quiet~barbara5,barbaramoore@yahoo.com,28/11/2021 01:28
sad~barbara8,barbaramiller@yahoo.com,05/11/2021 01:05
thebest_barbara5,barbaramartinez@bk.ru,30/11/2021 05:30
dead-barbara6,barbaramartin@internet.ru,12/11/2021 03:12
lonely_barbara3,barbaralee@gmail.com,19/11/2021 07:19
thebest_barbara5,barbarajones@mail.ru,21/11/2021 07:21
clever-barbara9,barbarajohnson@yandex.ru,25/11/2021 04:25
sad~barbara3,barbarajackson@bk.ru,11/11/2021 03:11
lonely~barbara7,barbaragarcia@inbox.ru,28/11/2021 03:28
busy_barbara7,barbaradavis@aol.com,24/11/2021 08:24
dead-barbara6,barbarabrown@rambler.ru,27/11/2021 08:27
angry-barbara2,barbaraanderson@bk.ru,17/11/2021 01:17
